account_id,full_name,ifsc_code,aadhaar_number,address,balance,mobile_number,dc_number,dc_pin,dc_cvv,cc_number,cc_pin,cc_cvv
3762499574609748,ranjeet,ABCD1234567,9.99988887777667E+015,bangalore,50,9410234579,7510338724816442,5764,760,2530859518765460,9315,710
9.26020371604877E+015,pranjalesh,ABCD1234567,9.99911116666333E+015,Koramangala,0,8126326078,7627294982019039,8237,411,4288658685424181,2643,572
3577799335319909,Ranveer Singh,ABCD1234567,2345987690123876,Mumbai,0,2309491204,1652823791707756,2450,371,4652632760893711,9723,576
5823711450067852,suraj,ABCD1234567,9876432672839495,Belgaum,1500,9236475819,2756323052050074,9982,370,1423776643954973,8267,972
